family,n_models,median_abs_residual_grp05,median_abs_residual_grp10
human_as_qtable,2,0.04512324730280293,0.06478119445338448
baseline,4,0.06819624889667092,0.09259259259259256
energy_budget,6,0.07703652874501954,0.09954806001764627
rl_action_value,5,0.1564051763885994,0.12181073277458931
historical_dynamics,5,0.15753424657534243,0.13072077020984646
rl_state_action,2,0.20939905378727913,0.13656323334923917
